{"calories_MAE": 62.290130457986805, "calories_MAE_%": 26.11759795962372, "mass_MAE": 65.00823582745053, "mass_MAE_%": 30.738775992243564, "fat_MAE": 6.299707062452739, "fat_MAE_%": 52.927904199391314, "carb_MAE": 10.539263127047892, "carb_MAE_%": 58.13442984965673, "protein_MAE": 8.551548403132061, "protein_MAE_%": 50.777848824785565}