{
  "calories_MAE": 46.03391598921709,
  "calories_MAE_%": 19.30153784353342,
  "mass_MAE": 33.340227052979635,
  "mass_MAE_%": 15.76473746545402,
  "fat_MAE": 4.977744510310812,
  "fat_MAE_%": 41.82124374338766,
  "carb_MAE": 9.934174694400632,
  "carb_MAE_%": 54.79677041212981,
  "protein_MAE": 7.92928351364858,
  "protein_MAE_%": 47.082930548278895
}
