{
  "calories_MAE": 39.72074485884715,
  "calories_MAE_%": 16.654491445958186,
  "mass_MAE": 77.39401839016347,
  "mass_MAE_%": 36.59532310258837,
  "fat_MAE": 5.557881254396329,
  "fat_MAE_%": 46.69534688962986,
  "carb_MAE": 10.962431296988816,
  "carb_MAE_%": 60.468619630620005,
  "protein_MAE": 8.200752254663033,
  "protein_MAE_%": 48.694872391096276
}
