{"calories_MAE": 39.820900903556065, "calories_MAE_%": 16.696485824356508, "mass_MAE": 20.241230075423, "mass_MAE_%": 9.570950959926883, "fat_MAE": 4.993550621485575, "fat_MAE_%": 41.95404108296699, "carb_MAE": 9.814592460427301, "carb_MAE_%": 54.13715646109876, "protein_MAE": 8.14212054029825, "protein_MAE_%": 48.34672581131869}