{
  "calories_MAE": 42.04932019042157,
  "calories_MAE_%": 17.630838643846584,
  "mass_MAE": 76.10855001907083,
  "mass_MAE_%": 35.9874966664271,
  "fat_MAE": 5.543957081410955,
  "fat_MAE_%": 46.57836092718438,
  "carb_MAE": 10.808969323687984,
  "carb_MAE_%": 59.62212550537597,
  "protein_MAE": 8.236323038961858,
  "protein_MAE_%": 48.906086527128444
}
