{
  "calories_MAE": 58.44569410008604,
  "calories_MAE_%": 24.505666142516116,
  "mass_MAE": 64.09305069544021,
  "mass_MAE_%": 30.306035887759478,
  "fat_MAE": 6.109855320542013,
  "fat_MAE_%": 51.332837205272035,
  "carb_MAE": 10.598735211973043,
  "carb_MAE_%": 58.46247704872714,
  "protein_MAE": 8.270907133926011,
  "protein_MAE_%": 49.11144184560955
}
