{
  "calories_MAE": 87.95716569343276,
  "calories_MAE_%": 36.87951645563676,
  "mass_MAE": 64.34969411528535,
  "mass_MAE_%": 30.42738827476229,
  "fat_MAE": 6.921324344333238,
  "fat_MAE_%": 58.1505121108213,
  "carb_MAE": 10.50610498646401,
  "carb_MAE_%": 57.95153000414745,
  "protein_MAE": 9.252685173960424,
  "protein_MAE_%": 54.941096844475354
}
