{
  "calories_MAE": 68.72914856122742,
  "calories_MAE_%": 28.817410672146533,
  "mass_MAE": 60.143667711643246,
  "mass_MAE_%": 28.43859251998774,
  "fat_MAE": 6.434323854034987,
  "fat_MAE_%": 54.058906732979054,
  "carb_MAE": 10.425272803814167,
  "carb_MAE_%": 57.505660801034736,
  "protein_MAE": 8.483685377218238,
  "protein_MAE_%": 50.374888061635055
}
