{"calories_MAE": 70.86150385230857, "calories_MAE_%": 29.711484866405875, "mass_MAE": 60.24636661650129, "mass_MAE_%": 28.487153115286148, "fat_MAE": 6.520620016180384, "fat_MAE_%": 54.783936477620614, "carb_MAE": 10.350770473817896, "carb_MAE_%": 57.09470697773671, "protein_MAE": 8.6654145759306, "protein_MAE_%": 51.45396957345646}