{
  "calories_MAE": 38.52993616805277,
  "calories_MAE_%": 16.1551978595694,
  "mass_MAE": 78.86717574777747,
  "mass_MAE_%": 37.29189721263214,
  "fat_MAE": 5.479234419641526,
  "fat_MAE_%": 46.03458408046728,
  "carb_MAE": 10.82160371505879,
  "carb_MAE_%": 59.69181663368211,
  "protein_MAE": 8.195408146045311,
  "protein_MAE_%": 48.66313985253116
}
