{
  "calories_MAE": 40.98011652097505,
  "calories_MAE_%": 17.182532766651587,
  "mass_MAE": 20.85849260115572,
  "mass_MAE_%": 9.862820047980073,
  "fat_MAE": 4.808077424793146,
  "fat_MAE_%": 40.39576107267875,
  "carb_MAE": 10.084766569591052,
  "carb_MAE_%": 55.627433115836105,
  "protein_MAE": 8.187028822054344,
  "protein_MAE_%": 48.61338464718011
}
