{"calories_MAE": 64.40213740893604, "calories_MAE_%": 27.003140308423703, "mass_MAE": 60.687380627158014, "mass_MAE_%": 28.695684091561212, "fat_MAE": 6.344762037884027, "fat_MAE_%": 53.30644012172747, "carb_MAE": 10.319729019796387, "carb_MAE_%": 56.92348274607165, "protein_MAE": 8.583789203657155, "protein_MAE_%": 50.96929000220481}