{"calories_MAE": 82.76417334301692, "calories_MAE_%": 34.702149264103255, "mass_MAE": 59.84286991292372, "mass_MAE_%": 28.296361985100724, "fat_MAE": 6.916586820242042, "fat_MAE_%": 58.110709113831874, "carb_MAE": 10.492787060993347, "carb_MAE_%": 57.87806851118687, "protein_MAE": 9.152674785159736, "protein_MAE_%": 54.347249722991556}