{"calories_MAE": 47.10357524972756, "calories_MAE_%": 19.750034745280058, "mass_MAE": 75.4800967058503, "mass_MAE_%": 35.690336077914225, "fat_MAE": 5.748558319980499, "fat_MAE_%": 48.29734796050675, "carb_MAE": 10.768911570295383, "carb_MAE_%": 59.40116749090525, "protein_MAE": 8.262448892754517, "protein_MAE_%": 49.061218041535376}