{"calories_MAE": 82.7925726700889, "calories_MAE_%": 34.71405680389064, "mass_MAE": 58.79523156524233, "mass_MAE_%": 27.80099212803003, "fat_MAE": 6.849600694528248, "fat_MAE_%": 57.54791544591683, "carb_MAE": 10.478931669397763, "carb_MAE_%": 57.80164236250426, "protein_MAE": 8.953052750103241, "protein_MAE_%": 53.16192315517581}