{"calories_MAE": 64.65974128639517, "calories_MAE_%": 27.11115091066278, "mass_MAE": 59.789170359526814, "mass_MAE_%": 28.270970455523884, "fat_MAE": 6.371581004756524, "fat_MAE_%": 53.531763568561125, "carb_MAE": 10.180181230926872, "carb_MAE_%": 56.15373906998014, "protein_MAE": 8.557724080985947, "protein_MAE_%": 50.81451910035114}