{"calories_MAE": 91.41809800975051, "calories_MAE_%": 38.33064905302348, "mass_MAE": 63.8046577318612, "mass_MAE_%": 30.16967090888627, "fat_MAE": 7.118796070303986, "fat_MAE_%": 59.80959950816433, "carb_MAE": 10.45766156160023, "carb_MAE_%": 57.6843167416573, "protein_MAE": 9.539796781646114, "protein_MAE_%": 56.645923751093285}