{
  "calories_MAE": 47.91633777426441,
  "calories_MAE_%": 20.09081754179097,
  "mass_MAE": 34.13316005319759,
  "mass_MAE_%": 16.13967134206701,
  "fat_MAE": 5.093542185908202,
  "fat_MAE_%": 42.79413473971037,
  "carb_MAE": 9.850576712046172,
  "carb_MAE_%": 54.335645096045255,
  "protein_MAE": 8.027519328400345,
  "protein_MAE_%": 47.66624050753934
}
