{
  "calories_MAE": 44.93773836076857,
  "calories_MAE_%": 18.841922068423393,
  "mass_MAE": 74.89805197375968,
  "mass_MAE_%": 35.415119524050375,
  "fat_MAE": 5.642763627519358,
  "fat_MAE_%": 47.4084984803839,
  "carb_MAE": 10.815476136509893,
  "carb_MAE_%": 59.65801699503518,
  "protein_MAE": 8.279433885913393,
  "protein_MAE_%": 49.16207245692939
}
